Dice_Roll_1,Dice_Roll_2,Credits_Before,Position_Before,Luck_Card_Used,In_Lock,Opponent_Close,Move_Direction,Best_Move_Operation
4,2,219,33,No,Yes,No,Forward,Add
9,9,203,12,Yes,No,No,Forward,Multiply
3,12,244,17,No,Yes,Yes,Forward,Add
6,11,191,6,No,Yes,Yes,Forward,Add
10,7,207,45,No,Yes,Yes,Forward,Add
1,10,2,59,Yes,Yes,No,Forward,Add
3,6,172,45,No,No,Yes,Forward,Add
1,9,196,52,Yes,Yes,Yes,Forward,Add
12,8,185,55,No,No,Yes,Forward,Multiply
8,10,131,0,Yes,Yes,No,Forward,Add
11,8,221,33,No,Yes,No,Forward,Add
5,5,244,62,No,No,Yes,Backward,Subtract
3,6,115,52,No,No,No,Forward,Divide
11,7,79,51,Yes,No,Yes,Forward,Divide
1,3,228,1,No,No,No,Forward,Multiply
3,10,95,14,Yes,No,No,Forward,Add
12,12,81,62,No,No,No,Forward,Multiply
11,6,165,52,No,Yes,Yes,Forward,Add
6,9,121,33,No,Yes,Yes,Forward,Add
4,12,233,55,No,No,No,Forward,Divide
11,7,27,41,No,No,Yes,Forward,Divide
12,9,212,55,Yes,Yes,No,Forward,Add
1,3,44,19,Yes,Yes,Yes,Forward,Add
8,9,177,28,No,No,Yes,Forward,Add
3,9,89,31,No,Yes,No,Forward,Add
9,9,199,36,Yes,No,No,Forward,Multiply
7,4,209,46,No,Yes,No,Forward,Add
5,6,40,30,No,No,Yes,Forward,Add
7,7,40,0,Yes,Yes,No,Forward,Add
7,4,190,17,Yes,Yes,No,Forward,Add
12,7,21,4,Yes,No,No,Forward,Multiply
3,9,58,24,Yes,No,Yes,Forward,Divide
4,3,229,64,No,Yes,Yes,Forward,Add
5,11,90,45,Yes,No,Yes,Forward,Add
5,7,18,59,Yes,No,Yes,Forward,Multiply
5,6,52,36,No,Yes,No,Forward,Add
9,5,45,66,Yes,No,No,Forward,Multiply
9,5,6,20,No,No,Yes,Forward,Add
12,9,97,3,No,No,Yes,Forward,Multiply
6,3,85,57,Yes,No,No,Forward,Multiply
8,2,190,6,No,Yes,Yes,Forward,Add
1,8,60,10,No,Yes,No,Forward,Add
3,5,112,8,Yes,Yes,Yes,Forward,Add
9,4,117,62,No,No,No,Forward,Multiply
2,5,185,63,No,Yes,No,Forward,Add
3,2,249,46,No,Yes,Yes,Forward,Add
2,7,6,54,Yes,No,Yes,Forward,Multiply
4,12,100,63,Yes,Yes,Yes,Forward,Add
10,11,19,14,No,Yes,Yes,Forward,Add
8,8,232,24,Yes,Yes,Yes,Forward,Add
2,4,243,62,Yes,Yes,Yes,Forward,Add
7,10,21,52,No,No,No,Forward,Divide
9,9,11,48,No,No,No,Forward,Add
4,9,88,4,No,Yes,Yes,Forward,Add
6,8,110,44,No,Yes,No,Forward,Add
2,9,178,65,Yes,Yes,Yes,Forward,Add
11,11,43,20,No,No,Yes,Forward,Multiply
7,9,207,60,No,No,No,Forward,Divide
10,5,231,27,No,Yes,No,Forward,Add
3,8,219,60,Yes,Yes,Yes,Forward,Add
4,12,204,31,No,Yes,No,Forward,Add
4,1,223,20,No,No,Yes,Forward,Multiply
1,7,129,56,Yes,Yes,No,Forward,Add
2,2,3,3,No,No,Yes,Forward,Multiply
4,6,97,61,Yes,Yes,Yes,Forward,Add
10,7,97,26,No,Yes,No,Forward,Add
8,12,36,29,No,No,No,Backward,Subtract
10,4,15,24,Yes,No,Yes,Forward,Divide
3,1,104,13,No,No,Yes,Forward,Multiply
11,10,31,29,Yes,No,Yes,Forward,Add
1,11,4,19,Yes,No,No,Forward,Multiply
2,9,126,24,No,No,No,Forward,Add
7,1,75,16,Yes,No,No,Forward,Multiply
5,9,115,27,Yes,Yes,No,Forward,Add
2,10,64,20,Yes,No,No,Forward,Add
1,8,83,34,Yes,Yes,No,Forward,Add
5,10,204,21,Yes,Yes,Yes,Forward,Add
12,4,222,32,Yes,No,No,Forward,Multiply
6,7,250,20,No,No,Yes,Forward,Multiply
10,3,126,25,No,No,No,Forward,Multiply
2,9,216,56,No,Yes,No,Forward,Add
4,1,32,8,No,No,Yes,Backward,Subtract
6,3,66,16,Yes,Yes,No,Forward,Add
6,11,142,31,No,Yes,No,Forward,Add
3,6,73,70,No,Yes,Yes,Forward,Add
3,1,127,61,Yes,Yes,No,Forward,Add
3,11,5,40,Yes,No,Yes,Forward,Multiply
8,3,182,37,Yes,No,No,Forward,Add
7,3,230,7,No,Yes,No,Forward,Add
12,2,88,2,Yes,No,Yes,Forward,Add
9,9,235,44,No,No,No,Forward,Add
10,8,75,19,Yes,Yes,No,Forward,Add
7,11,54,52,Yes,No,No,Forward,Multiply
6,3,181,70,Yes,No,Yes,Forward,Multiply
1,11,161,34,Yes,No,Yes,Forward,Multiply
1,7,241,20,No,No,Yes,Forward,Multiply
6,12,237,53,No,No,No,Forward,Multiply
7,2,185,36,Yes,Yes,Yes,Forward,Add
11,2,223,17,No,Yes,Yes,Forward,Add
2,7,48,53,No,No,No,Forward,Add
6,5,237,61,Yes,No,No,Backward,Subtract
8,8,247,12,No,Yes,No,Forward,Add
1,2,240,47,Yes,Yes,Yes,Forward,Add
7,3,94,67,No,Yes,No,Forward,Add
7,11,191,43,No,No,No,Forward,Add
2,3,109,68,Yes,Yes,No,Forward,Add
12,9,226,59,No,No,No,Forward,Divide
1,3,220,32,No,Yes,No,Forward,Add
10,10,87,56,No,Yes,Yes,Forward,Add
11,9,147,22,No,No,Yes,Forward,Multiply
4,12,6,56,No,No,Yes,Forward,Multiply
1,12,182,57,Yes,Yes,Yes,Forward,Add
8,5,105,0,Yes,No,No,Forward,Multiply
5,3,82,36,No,Yes,Yes,Forward,Add
1,11,177,23,No,No,No,Forward,Add
10,4,219,32,No,Yes,Yes,Forward,Add
5,12,23,52,Yes,No,Yes,Backward,Subtract
3,10,49,9,Yes,Yes,Yes,Forward,Add
6,3,179,15,Yes,No,No,Forward,Multiply
11,5,137,68,No,Yes,No,Forward,Add
6,7,68,17,No,No,Yes,Forward,Add
7,9,3,32,Yes,No,No,Backward,Subtract
6,7,80,13,No,Yes,Yes,Forward,Add
12,12,159,42,Yes,Yes,Yes,Forward,Add
6,9,151,49,No,Yes,No,Forward,Add
10,3,141,39,No,No,Yes,Forward,Add
10,10,92,8,No,No,No,Forward,Add
5,1,103,24,No,No,Yes,Forward,Add
12,6,61,65,Yes,No,Yes,Forward,Multiply
7,9,96,54,No,No,Yes,Forward,Add
3,3,61,58,Yes,Yes,No,Forward,Add
3,2,46,5,Yes,Yes,Yes,Forward,Add
1,1,15,5,Yes,Yes,Yes,Forward,Add
1,10,51,39,No,Yes,No,Forward,Add
2,10,28,56,No,No,Yes,Forward,Add
2,4,142,39,No,No,Yes,Forward,Add
6,4,37,44,No,Yes,No,Forward,Add
5,1,125,9,Yes,Yes,No,Forward,Add
6,10,208,55,No,No,Yes,Forward,Multiply
2,2,122,62,No,Yes,Yes,Forward,Add
10,4,61,63,Yes,Yes,Yes,Forward,Add
9,8,168,40,No,Yes,No,Forward,Add
9,2,30,18,No,No,No,Forward,Divide
9,10,91,43,Yes,No,No,Forward,Add
12,10,238,39,No,No,No,Forward,Add
10,12,110,32,No,Yes,No,Forward,Add
10,3,172,1,Yes,No,Yes,Forward,Add
8,3,22,18,No,Yes,No,Forward,Add
2,9,87,56,Yes,Yes,Yes,Forward,Add
3,3,4,67,No,Yes,Yes,Forward,Add
7,4,193,61,No,Yes,Yes,Forward,Add
10,9,36,53,No,No,Yes,Forward,Multiply
10,10,226,52,No,Yes,Yes,Forward,Add
3,6,62,65,No,No,No,Forward,Add
7,12,54,57,Yes,No,Yes,Forward,Add
4,1,123,70,No,No,Yes,Forward,Add
5,7,58,57,Yes,No,Yes,Backward,Subtract
1,2,188,68,No,No,Yes,Forward,Multiply
6,11,168,24,Yes,Yes,No,Forward,Add
9,8,76,4,No,Yes,No,Forward,Add
6,9,179,42,Yes,No,Yes,Forward,Divide
11,7,244,13,Yes,Yes,Yes,Forward,Add
5,2,39,19,No,Yes,Yes,Forward,Add
8,1,208,4,Yes,No,Yes,Forward,Multiply
4,7,7,70,Yes,No,Yes,Forward,Multiply
12,1,57,52,No,No,No,Forward,Multiply
10,11,25,4,Yes,Yes,No,Forward,Add
9,3,235,8,Yes,No,No,Forward,Add
7,3,164,57,No,No,No,Forward,Add
1,1,10,57,No,No,Yes,Backward,Subtract
10,3,87,32,Yes,Yes,No,Forward,Add
3,7,191,55,No,Yes,Yes,Forward,Add
10,2,192,21,Yes,Yes,Yes,Forward,Add
11,10,30,45,No,No,Yes,Forward,Add
5,7,181,63,No,No,No,Forward,Multiply
3,12,166,59,Yes,Yes,Yes,Forward,Add
7,3,133,59,No,No,No,Backward,Subtract
7,2,154,29,Yes,No,Yes,Forward,Add
4,9,89,34,Yes,No,No,Forward,Multiply
7,12,208,67,No,No,Yes,Backward,Subtract
11,3,149,55,Yes,Yes,No,Forward,Add
7,1,109,42,No,No,Yes,Forward,Add
3,2,100,0,Yes,No,Yes,Forward,Add
12,3,53,9,No,Yes,No,Forward,Add
10,5,98,16,Yes,Yes,Yes,Forward,Add
2,4,223,70,No,No,Yes,Backward,Subtract
11,8,54,14,No,No,Yes,Forward,Add
8,11,214,21,Yes,No,Yes,Forward,Add
11,5,5,0,Yes,No,No,Forward,Multiply
2,1,224,36,Yes,Yes,Yes,Forward,Add
6,1,170,43,Yes,Yes,No,Forward,Add
10,6,75,54,Yes,No,No,Backward,Subtract
5,11,119,31,No,No,No,Backward,Subtract
7,11,27,13,No,Yes,Yes,Forward,Add
3,8,35,30,No,Yes,No,Forward,Add
6,7,236,70,Yes,No,Yes,Backward,Subtract
3,10,154,40,No,Yes,No,Forward,Add
11,12,219,53,Yes,No,No,Forward,Multiply
5,9,92,27,No,No,No,Forward,Add
4,10,50,17,No,No,No,Forward,Multiply
2,8,150,48,No,Yes,Yes,Forward,Add
2,4,197,55,No,No,No,Forward,Add
9,3,152,26,Yes,No,Yes,Forward,Multiply
1,9,179,70,No,No,No,Forward,Multiply
12,11,82,2,No,No,No,Forward,Add
3,5,92,9,Yes,No,Yes,Forward,Add
5,2,152,9,Yes,No,Yes,Forward,Multiply
7,1,67,24,No,Yes,No,Forward,Add
7,11,132,5,No,No,No,Forward,Add
4,3,38,21,No,No,Yes,Forward,Add
6,5,210,32,Yes,Yes,No,Forward,Add
9,2,130,26,Yes,No,No,Forward,Multiply
4,12,120,16,Yes,No,Yes,Forward,Multiply
12,4,23,50,No,Yes,No,Forward,Add
3,10,164,50,No,No,No,Forward,Add
8,3,197,7,No,Yes,No,Forward,Add
1,1,34,34,Yes,Yes,No,Forward,Add
1,8,51,11,Yes,Yes,No,Forward,Add
5,5,15,45,Yes,Yes,No,Forward,Add
2,8,96,12,No,No,Yes,Forward,Multiply
11,6,56,68,No,No,No,Forward,Multiply
4,4,242,48,Yes,No,Yes,Forward,Multiply
8,9,8,39,No,Yes,No,Forward,Add
5,5,107,15,No,Yes,Yes,Forward,Add
4,12,130,50,Yes,No,No,Forward,Add
1,5,152,14,Yes,Yes,No,Forward,Add
9,12,35,28,Yes,Yes,Yes,Forward,Add
2,3,157,46,No,Yes,No,Forward,Add
2,1,147,12,Yes,No,Yes,Forward,Add
9,4,143,21,Yes,No,Yes,Forward,Multiply
8,9,200,63,Yes,No,No,Backward,Subtract
7,3,113,36,Yes,No,No,Forward,Add
8,9,86,60,No,Yes,No,Forward,Add
8,2,20,62,Yes,Yes,Yes,Forward,Add
10,7,114,7,Yes,No,Yes,Forward,Divide
8,2,167,28,Yes,Yes,Yes,Forward,Add
2,4,83,51,Yes,Yes,No,Forward,Add
12,1,70,24,No,No,Yes,Forward,Add
1,12,156,69,No,Yes,No,Forward,Add
1,12,159,43,No,No,Yes,Forward,Multiply
1,7,91,22,Yes,Yes,No,Forward,Add
12,10,32,0,No,Yes,No,Forward,Add
9,12,123,19,Yes,Yes,No,Forward,Add
1,4,186,40,Yes,No,No,Forward,Add
10,11,34,58,Yes,Yes,No,Forward,Add
12,12,170,16,Yes,No,No,Forward,Divide
3,7,106,34,No,No,No,Forward,Multiply
10,2,64,8,No,No,Yes,Forward,Add
12,3,150,5,Yes,Yes,No,Forward,Add
8,10,245,52,Yes,Yes,No,Forward,Add
10,4,84,58,Yes,Yes,No,Forward,Add
9,10,160,47,Yes,No,Yes,Forward,Multiply
12,9,223,13,No,Yes,Yes,Forward,Add
9,4,84,24,Yes,No,Yes,Forward,Add
6,12,249,52,Yes,No,Yes,Forward,Add
6,11,104,59,No,Yes,Yes,Forward,Add
2,6,158,41,Yes,Yes,Yes,Forward,Add
6,1,145,57,No,No,No,Forward,Multiply
10,4,1,51,No,Yes,Yes,Forward,Add
2,9,96,70,Yes,Yes,Yes,Forward,Add
8,10,212,54,Yes,No,No,Forward,Multiply
10,2,157,65,No,No,Yes,Forward,Add
7,12,86,42,No,Yes,Yes,Forward,Add
2,7,149,24,No,Yes,Yes,Forward,Add
10,5,37,17,No,Yes,Yes,Forward,Add
3,3,226,35,Yes,No,No,Forward,Multiply
4,7,244,36,No,No,Yes,Forward,Multiply
10,2,245,49,No,No,No,Forward,Add
9,1,50,63,No,No,No,Backward,Subtract
2,1,210,40,No,Yes,Yes,Forward,Add
9,11,80,27,Yes,No,No,Backward,Subtract
9,1,84,64,No,Yes,Yes,Forward,Add
4,10,61,32,Yes,No,No,Forward,Multiply
1,6,204,12,Yes,No,No,Forward,Multiply
10,10,110,69,No,No,Yes,Forward,Add
7,6,40,1,Yes,Yes,Yes,Forward,Add
2,1,131,25,Yes,Yes,No,Forward,Add
3,6,191,24,No,No,Yes,Forward,Multiply
5,8,206,55,No,No,No,Forward,Add
3,5,150,35,No,Yes,Yes,Forward,Add
11,12,154,49,Yes,Yes,No,Forward,Add
4,9,232,40,No,Yes,Yes,Forward,Add
3,5,52,55,Yes,No,Yes,Forward,Add
10,4,240,44,Yes,No,No,Forward,Multiply
6,11,24,2,Yes,Yes,No,Forward,Add
3,5,49,59,Yes,Yes,Yes,Forward,Add
9,1,234,39,Yes,No,Yes,Forward,Multiply
11,5,35,53,No,No,Yes,Backward,Subtract
1,2,147,26,No,Yes,Yes,Forward,Add
8,5,234,66,Yes,Yes,Yes,Forward,Add
4,6,17,59,Yes,Yes,No,Forward,Add
7,9,142,36,Yes,No,Yes,Forward,Add
8,5,241,28,Yes,Yes,Yes,Forward,Add
9,1,56,33,Yes,No,No,Backward,Subtract
6,3,140,64,No,Yes,Yes,Forward,Add
11,11,39,18,Yes,Yes,No,Forward,Add
5,7,177,25,No,Yes,Yes,Forward,Add
12,6,124,15,No,Yes,Yes,Forward,Add
3,9,53,1,Yes,No,Yes,Forward,Multiply
11,2,28,41,No,No,Yes,Forward,Divide
5,9,153,57,No,Yes,Yes,Forward,Add
12,6,206,56,Yes,No,No,Forward,Multiply
3,5,98,26,No,No,No,Forward,Multiply
1,7,129,9,Yes,Yes,No,Forward,Add
8,12,80,30,No,No,Yes,Forward,Add
1,5,249,17,Yes,Yes,Yes,Forward,Add
2,7,177,46,Yes,Yes,Yes,Forward,Add
1,7,136,47,Yes,Yes,No,Forward,Add
5,1,191,49,Yes,No,No,Forward,Multiply
9,5,97,1,No,Yes,No,Forward,Add
7,3,10,33,Yes,No,No,Forward,Multiply
7,5,73,66,Yes,Yes,No,Forward,Add
4,2,6,50,No,No,No,Forward,Multiply
3,4,43,53,Yes,Yes,No,Forward,Add
1,9,166,62,No,No,Yes,Forward,Add
5,5,93,61,Yes,No,No,Forward,Add
10,11,159,49,No,Yes,Yes,Forward,Add
10,9,107,29,Yes,No,No,Forward,Divide
5,9,221,48,No,Yes,No,Forward,Add
10,10,212,57,Yes,Yes,No,Forward,Add
10,1,161,20,No,Yes,No,Forward,Add
7,9,72,13,Yes,No,Yes,Forward,Divide
4,5,169,49,Yes,Yes,No,Forward,Add
1,2,220,1,No,Yes,No,Forward,Add
3,10,42,13,Yes,Yes,Yes,Forward,Add
2,6,211,64,No,No,No,Backward,Subtract
8,1,219,53,Yes,No,No,Forward,Add
1,7,86,18,Yes,No,No,Forward,Multiply
1,4,10,50,No,Yes,Yes,Forward,Add
11,1,1,47,No,Yes,Yes,Forward,Add
12,9,156,29,No,Yes,No,Forward,Add
4,7,92,58,No,Yes,No,Forward,Add
8,6,21,42,Yes,No,Yes,Forward,Multiply
11,2,167,62,No,Yes,Yes,Forward,Add
10,7,65,32,Yes,No,Yes,Forward,Divide
12,3,100,22,No,No,No,Forward,Multiply
9,12,34,58,Yes,No,No,Backward,Subtract
1,8,62,29,Yes,No,Yes,Forward,Add
8,11,8,28,No,No,No,Backward,Subtract
6,2,52,7,No,Yes,Yes,Forward,Add
1,7,139,0,Yes,Yes,Yes,Forward,Add
8,10,127,66,Yes,No,Yes,Forward,Multiply
1,7,203,42,Yes,Yes,No,Forward,Add
7,4,97,20,Yes,No,Yes,Forward,Add
1,6,162,34,No,No,Yes,Forward,Add
6,3,87,22,No,Yes,Yes,Forward,Add
10,9,62,37,No,Yes,Yes,Forward,Add
5,12,132,22,Yes,Yes,Yes,Forward,Add
6,11,2,36,No,No,Yes,Forward,Multiply
12,6,219,1,No,No,No,Forward,Multiply
8,3,224,16,No,No,No,Forward,Multiply
6,7,52,11,Yes,Yes,No,Forward,Add
6,5,10,14,Yes,Yes,Yes,Forward,Add
11,11,76,39,Yes,No,Yes,Forward,Add
9,6,91,58,No,No,No,Backward,Subtract
12,12,132,43,No,Yes,No,Forward,Add
1,10,54,66,No,Yes,Yes,Forward,Add
9,4,233,2,Yes,No,No,Forward,Multiply
6,11,173,66,Yes,Yes,No,Forward,Add
12,9,62,38,No,No,No,Backward,Subtract
1,8,31,21,No,No,No,Forward,Add
4,12,103,27,No,Yes,No,Forward,Add
3,7,100,8,Yes,Yes,No,Forward,Add
5,12,216,13,No,No,No,Forward,Divide
4,12,122,7,No,Yes,Yes,Forward,Add
9,11,159,58,No,Yes,Yes,Forward,Add
4,6,105,4,Yes,No,Yes,Forward,Add
10,2,38,26,No,Yes,Yes,Forward,Add
11,12,50,16,Yes,Yes,No,Forward,Add
1,5,248,4,Yes,No,Yes,Forward,Multiply
2,11,177,22,Yes,No,Yes,Forward,Add
2,2,178,47,No,Yes,Yes,Forward,Add
11,6,128,46,Yes,No,No,Forward,Add
2,9,243,37,No,No,No,Forward,Multiply
6,5,71,55,Yes,Yes,No,Forward,Add
9,4,216,55,No,No,Yes,Forward,Add
2,4,40,16,Yes,Yes,No,Forward,Add
12,10,95,21,Yes,Yes,Yes,Forward,Add
3,3,175,14,No,No,Yes,Forward,Divide
6,3,22,18,No,Yes,No,Forward,Add
8,10,235,66,Yes,Yes,No,Forward,Add
2,2,23,38,Yes,Yes,No,Forward,Add
7,5,224,29,Yes,Yes,Yes,Forward,Add
11,9,114,31,Yes,Yes,Yes,Forward,Add
9,9,114,20,Yes,No,No,Forward,Multiply
5,5,102,7,Yes,Yes,Yes,Forward,Add
8,6,243,68,Yes,Yes,No,Forward,Add
10,4,150,44,Yes,No,Yes,Forward,Divide
10,3,12,17,No,Yes,No,Forward,Add
2,5,44,16,Yes,No,Yes,Forward,Multiply
7,6,103,50,No,Yes,No,Forward,Add
4,5,18,38,Yes,No,No,Forward,Multiply
3,11,215,67,No,Yes,No,Forward,Add
11,11,146,26,No,No,No,Forward,Multiply
3,9,187,22,Yes,No,No,Forward,Multiply
8,3,7,61,Yes,Yes,No,Forward,Add
6,10,80,28,Yes,Yes,Yes,Forward,Add
4,5,180,65,Yes,No,No,Forward,Add
3,9,152,14,Yes,Yes,No,Forward,Add
9,4,217,62,Yes,No,Yes,Forward,Divide
8,9,192,15,No,No,No,Forward,Multiply
6,8,69,49,Yes,No,No,Backward,Subtract
12,3,105,40,No,Yes,No,Forward,Add
6,5,23,50,Yes,Yes,No,Forward,Add
9,10,87,17,Yes,No,Yes,Forward,Add
10,7,99,15,Yes,No,No,Forward,Multiply
9,5,145,43,No,No,Yes,Forward,Multiply
6,11,86,41,No,No,No,Forward,Multiply
5,1,97,6,No,No,No,Forward,Multiply
6,2,142,69,No,Yes,Yes,Forward,Add
12,8,214,66,No,Yes,Yes,Forward,Add
12,11,206,11,Yes,Yes,Yes,Forward,Add
8,12,37,4,No,No,No,Forward,Add
11,7,113,57,Yes,No,Yes,Backward,Subtract
2,7,192,24,Yes,Yes,Yes,Forward,Add
2,12,197,64,Yes,No,Yes,Forward,Multiply
7,4,173,35,No,Yes,Yes,Forward,Add
8,11,151,24,No,No,No,Forward,Add
4,2,203,51,No,No,Yes,Forward,Multiply
3,2,109,38,Yes,Yes,No,Forward,Add
10,4,71,65,Yes,No,No,Forward,Multiply
2,12,174,20,No,No,Yes,Backward,Subtract
8,4,208,36,No,Yes,Yes,Forward,Add
7,7,232,29,Yes,Yes,No,Forward,Add
11,5,101,45,No,Yes,Yes,Forward,Add
1,8,107,61,Yes,Yes,No,Forward,Add
3,12,179,1,Yes,Yes,Yes,Forward,Add
6,2,202,9,No,No,Yes,Forward,Multiply
4,2,151,66,No,Yes,Yes,Forward,Add
9,10,211,47,No,Yes,Yes,Forward,Add
10,2,65,53,No,Yes,Yes,Forward,Add
12,5,101,51,No,No,Yes,Forward,Multiply
8,4,79,24,Yes,Yes,No,Forward,Add
5,1,79,17,Yes,No,No,Forward,Add
3,11,106,0,No,Yes,No,Forward,Add
2,10,233,50,Yes,Yes,Yes,Forward,Add
12,2,235,11,No,No,No,Forward,Multiply
6,5,55,8,Yes,No,No,Forward,Multiply
3,1,50,48,Yes,No,Yes,Forward,Add
9,4,198,60,Yes,No,No,Forward,Divide
3,12,123,33,No,No,No,Forward,Multiply
4,4,63,67,No,No,No,Forward,Multiply
4,3,229,69,Yes,No,No,Backward,Subtract
4,7,118,1,Yes,Yes,No,Forward,Add
2,6,113,62,Yes,No,Yes,Forward,Multiply
1,1,163,9,Yes,Yes,Yes,Forward,Add
11,5,0,52,Yes,No,No,Forward,Multiply
9,5,76,14,No,Yes,Yes,Forward,Add
1,7,149,16,Yes,No,No,Backward,Subtract
8,6,1,31,Yes,Yes,No,Forward,Add
11,5,190,20,No,No,No,Forward,Multiply
1,2,215,25,No,Yes,No,Forward,Add
6,1,206,45,No,Yes,No,Forward,Add
8,1,202,14,Yes,Yes,No,Forward,Add
1,8,94,9,No,Yes,Yes,Forward,Add
9,2,185,38,Yes,No,Yes,Forward,Divide
1,5,141,40,Yes,No,Yes,Forward,Multiply
7,5,189,32,No,Yes,No,Forward,Add
12,3,88,10,No,No,Yes,Forward,Add
2,4,48,63,Yes,Yes,Yes,Forward,Add
8,2,32,63,No,No,Yes,Backward,Subtract
10,7,232,45,No,Yes,Yes,Forward,Add
10,9,53,66,No,Yes,Yes,Forward,Add
10,8,212,37,Yes,Yes,No,Forward,Add
9,12,244,60,Yes,No,No,Forward,Divide
11,9,140,15,No,No,Yes,Forward,Add
12,3,22,57,Yes,No,Yes,Forward,Add
6,5,101,52,Yes,Yes,Yes,Forward,Add
4,6,201,70,No,No,No,Backward,Subtract
3,4,165,24,Yes,No,Yes,Forward,Divide
3,4,248,28,No,No,No,Forward,Multiply
6,10,147,26,Yes,Yes,Yes,Forward,Add
9,6,34,68,No,No,Yes,Forward,Multiply
2,1,22,15,Yes,Yes,No,Forward,Add
12,10,63,46,Yes,Yes,No,Forward,Add
12,6,181,51,No,No,No,Backward,Subtract
11,7,196,25,No,Yes,Yes,Forward,Add
12,9,195,16,Yes,No,No,Forward,Multiply
6,7,186,59,Yes,Yes,No,Forward,Add
8,4,134,32,No,No,Yes,Forward,Add
5,1,191,65,Yes,No,Yes,Backward,Subtract
4,7,95,33,Yes,Yes,No,Forward,Add
11,2,88,8,Yes,No,Yes,Forward,Multiply
12,1,209,18,No,No,No,Forward,Multiply
4,9,108,27,Yes,No,Yes,Forward,Multiply
4,5,119,55,No,No,No,Forward,Multiply
2,3,6,41,Yes,Yes,No,Forward,Add
1,8,176,57,No,No,No,Backward,Subtract
1,7,79,22,No,No,No,Forward,Add
2,7,66,25,Yes,Yes,Yes,Forward,Add
7,9,193,4,Yes,Yes,Yes,Forward,Add
7,4,140,56,No,Yes,Yes,Forward,Add
7,2,237,10,Yes,No,Yes,Forward,Multiply
1,9,112,4,Yes,No,No,Forward,Multiply
1,6,170,59,Yes,Yes,Yes,Forward,Add
11,11,167,31,No,No,Yes,Forward,Add
1,12,121,28,No,Yes,No,Forward,Add
2,9,214,58,Yes,No,No,Forward,Add
5,2,197,10,Yes,No,Yes,Forward,Multiply
1,12,95,48,Yes,Yes,Yes,Forward,Add
9,8,212,25,Yes,Yes,Yes,Forward,Add
1,2,213,24,Yes,No,Yes,Forward,Multiply
7,5,29,30,Yes,Yes,No,Forward,Add
9,3,168,58,No,No,No,Forward,Multiply
12,9,93,55,Yes,Yes,Yes,Forward,Add
12,4,77,0,No,No,Yes,Forward,Add
10,7,225,28,Yes,Yes,No,Forward,Add
10,6,228,45,No,Yes,Yes,Forward,Add
5,4,26,8,No,No,No,Forward,Multiply
3,2,54,69,Yes,Yes,No,Forward,Add
6,1,59,28,Yes,No,No,Forward,Add
8,2,220,69,Yes,Yes,Yes,Forward,Add
2,1,196,60,No,Yes,Yes,Forward,Add
5,6,220,51,Yes,No,Yes,Forward,Add
5,8,163,36,No,Yes,No,Forward,Add
2,9,109,32,Yes,No,Yes,Backward,Subtract
10,4,7,10,Yes,Yes,Yes,Forward,Add
12,3,49,4,No,Yes,No,Forward,Add
6,1,7,7,Yes,Yes,Yes,Forward,Add
9,2,109,55,Yes,No,No,Forward,Multiply
2,6,48,13,No,Yes,No,Forward,Add
6,2,117,47,Yes,No,Yes,Forward,Add
9,2,146,15,No,No,No,Forward,Add
4,12,119,3,Yes,No,No,Forward,Add
2,12,250,30,Yes,No,Yes,Backward,Subtract
3,9,234,8,Yes,No,Yes,Forward,Add
11,1,208,33,No,Yes,Yes,Forward,Add
9,9,69,38,No,No,No,Forward,Add
9,3,40,63,No,Yes,No,Forward,Add
6,5,195,61,Yes,No,Yes,Backward,Subtract
5,12,35,17,No,No,Yes,Backward,Subtract
6,6,62,16,No,No,Yes,Forward,Divide
4,4,179,25,No,No,No,Backward,Subtract
2,10,33,21,No,Yes,Yes,Forward,Add
7,12,121,59,Yes,Yes,Yes,Forward,Add
8,10,44,19,No,No,Yes,Forward,Add
7,4,11,4,No,Yes,No,Forward,Add
7,6,197,16,Yes,No,Yes,Forward,Multiply
3,9,81,64,Yes,No,Yes,Forward,Add
1,10,239,38,No,Yes,Yes,Forward,Add
4,3,113,11,No,No,No,Backward,Subtract
9,9,231,34,No,Yes,No,Forward,Add
5,3,216,0,Yes,Yes,No,Forward,Add
12,4,99,43,Yes,No,Yes,Backward,Subtract
1,12,98,34,No,Yes,No,Forward,Add
9,4,127,31,No,No,No,Forward,Multiply
7,1,233,33,Yes,Yes,Yes,Forward,Add
10,11,174,38,No,No,Yes,Forward,Add
11,8,77,8,No,No,Yes,Backward,Subtract
9,6,209,43,No,No,No,Backward,Subtract
2,5,212,60,Yes,Yes,No,Forward,Add
4,7,64,13,Yes,Yes,No,Forward,Add
12,8,213,15,Yes,Yes,No,Forward,Add
6,5,24,57,No,Yes,Yes,Forward,Add
1,7,217,6,Yes,No,No,Forward,Multiply
8,4,78,28,Yes,Yes,Yes,Forward,Add
12,7,15,14,No,No,Yes,Forward,Add
3,12,67,65,No,No,Yes,Forward,Add
4,5,103,26,Yes,Yes,Yes,Forward,Add
10,12,135,35,No,No,Yes,Forward,Multiply
6,11,9,14,No,No,No,Forward,Add
8,12,123,56,Yes,Yes,No,Forward,Add
4,11,232,55,Yes,Yes,Yes,Forward,Add
11,10,55,15,No,Yes,Yes,Forward,Add
3,7,215,27,Yes,No,No,Forward,Multiply
5,5,178,7,No,Yes,Yes,Forward,Add
9,9,15,33,No,No,Yes,Forward,Add
2,9,234,11,No,No,Yes,Forward,Multiply
9,12,105,62,Yes,No,No,Forward,Multiply
12,4,187,22,No,No,No,Forward,Divide
1,10,75,63,No,Yes,No,Forward,Add
11,7,225,21,No,Yes,Yes,Forward,Add
5,6,190,4,No,Yes,No,Forward,Add
11,9,210,26,No,Yes,Yes,Forward,Add
2,4,112,54,Yes,Yes,Yes,Forward,Add
3,7,164,61,Yes,No,Yes,Forward,Add
7,10,83,68,No,Yes,Yes,Forward,Add
9,3,197,66,No,No,Yes,Backward,Subtract
11,4,241,52,Yes,No,Yes,Forward,Add
1,5,247,22,No,Yes,Yes,Forward,Add
1,1,23,46,Yes,Yes,No,Forward,Add
1,3,1,49,Yes,No,No,Forward,Multiply
7,8,217,27,Yes,Yes,Yes,Forward,Add
7,1,190,35,Yes,Yes,No,Forward,Add
1,1,134,26,Yes,No,Yes,Forward,Multiply
9,5,235,28,Yes,Yes,No,Forward,Add
7,9,7,49,No,Yes,Yes,Forward,Add
6,7,24,56,No,Yes,Yes,Forward,Add
6,12,121,45,No,Yes,No,Forward,Add
3,7,124,52,No,No,No,Forward,Multiply
7,7,96,65,No,Yes,No,Forward,Add
4,10,68,18,No,Yes,Yes,Forward,Add
11,11,224,0,Yes,Yes,Yes,Forward,Add
2,4,193,52,No,Yes,No,Forward,Add
4,6,39,4,No,No,Yes,Forward,Multiply
6,7,40,58,No,No,Yes,Forward,Multiply
12,9,83,40,No,Yes,No,Forward,Add
4,6,3,10,Yes,No,Yes,Forward,Add
8,9,135,32,Yes,Yes,No,Forward,Add
9,12,136,60,No,No,No,Forward,Add
5,6,222,65,No,Yes,No,Forward,Add
10,10,143,42,Yes,Yes,Yes,Forward,Add
11,8,48,70,No,Yes,No,Forward,Add
5,4,4,45,Yes,Yes,No,Forward,Add
5,9,157,3,No,No,No,Forward,Add
12,7,229,58,No,Yes,Yes,Forward,Add
1,12,2,29,No,Yes,No,Forward,Add
9,11,249,18,No,No,No,Forward,Divide
1,1,8,60,No,Yes,Yes,Forward,Add
3,4,64,19,No,Yes,No,Forward,Add
2,1,129,13,Yes,Yes,No,Forward,Add
10,1,209,70,No,No,Yes,Backward,Subtract
9,5,215,69,Yes,Yes,No,Forward,Add
6,12,86,35,No,No,No,Forward,Add
4,9,113,69,No,No,Yes,Forward,Multiply
3,9,116,2,Yes,Yes,Yes,Forward,Add
3,11,159,67,No,Yes,Yes,Forward,Add
7,6,110,42,No,No,No,Forward,Add
12,7,87,58,Yes,No,No,Backward,Subtract
8,11,188,40,Yes,No,No,Forward,Multiply
7,12,103,25,Yes,Yes,Yes,Forward,Add
8,10,171,50,No,No,No,Forward,Multiply
4,9,176,32,Yes,Yes,No,Forward,Add
8,2,92,12,No,No,Yes,Forward,Multiply
9,9,111,9,No,Yes,No,Forward,Add
10,12,196,10,No,Yes,Yes,Forward,Add
11,4,223,31,Yes,Yes,No,Forward,Add
8,9,121,14,No,No,Yes,Forward,Divide
1,10,52,13,No,No,Yes,Forward,Multiply
12,4,99,8,No,Yes,No,Forward,Add
10,6,31,6,Yes,Yes,Yes,Forward,Add
5,8,245,16,No,No,No,Forward,Multiply
7,5,124,67,Yes,No,No,Forward,Multiply
10,1,67,43,Yes,No,No,Forward,Multiply
12,10,61,13,Yes,No,No,Forward,Add
11,1,60,48,Yes,No,Yes,Forward,Multiply
9,2,208,24,No,No,Yes,Forward,Multiply
11,4,209,17,Yes,No,Yes,Forward,Multiply
9,4,181,9,Yes,Yes,No,Forward,Add
4,10,35,35,No,No,Yes,Forward,Add
3,1,48,67,Yes,No,No,Forward,Multiply
3,12,131,58,Yes,Yes,Yes,Forward,Add
5,1,191,4,No,No,Yes,Forward,Multiply
5,9,133,56,No,No,No,Forward,Add
2,12,155,31,Yes,No,Yes,Forward,Add
7,5,114,11,No,Yes,Yes,Forward,Add
3,11,70,63,Yes,No,No,Backward,Subtract
2,4,52,14,No,No,No,Forward,Multiply
2,9,145,3,No,Yes,No,Forward,Add
1,2,71,36,No,No,No,Backward,Subtract
3,9,68,44,Yes,No,No,Forward,Divide
7,7,78,39,No,No,No,Forward,Multiply
11,5,183,51,Yes,No,Yes,Backward,Subtract
11,12,20,37,Yes,Yes,Yes,Forward,Add
8,10,181,35,No,No,Yes,Forward,Add
11,5,177,69,Yes,Yes,Yes,Forward,Add
4,7,105,41,No,No,No,Forward,Add
1,9,167,68,Yes,Yes,Yes,Forward,Add
8,8,23,66,No,No,Yes,Forward,Multiply
1,1,229,27,Yes,No,Yes,Forward,Multiply
2,3,81,52,Yes,Yes,No,Forward,Add
12,12,214,67,Yes,Yes,Yes,Forward,Add
6,6,66,65,No,No,Yes,Forward,Multiply
1,5,22,54,No,Yes,No,Forward,Add
6,7,134,25,Yes,No,Yes,Forward,Add
4,3,207,12,No,Yes,No,Forward,Add
9,4,165,57,Yes,No,Yes,Forward,Multiply
2,1,241,30,Yes,No,No,Forward,Multiply
9,11,184,15,Yes,No,Yes,Forward,Add
11,3,25,56,No,No,No,Forward,Add
10,2,94,63,Yes,Yes,No,Forward,Add
9,5,246,62,No,No,No,Forward,Divide
12,10,204,60,Yes,No,Yes,Forward,Divide
3,6,94,6,No,No,No,Forward,Add
11,3,182,17,No,Yes,Yes,Forward,Add
10,4,187,26,Yes,Yes,Yes,Forward,Add
7,9,220,14,No,Yes,No,Forward,Add
5,8,217,8,No,Yes,No,Forward,Add
1,2,84,26,No,No,No,Backward,Subtract
1,1,172,1,No,Yes,No,Forward,Add
11,6,157,42,No,No,Yes,Forward,Add
4,11,58,7,No,Yes,No,Forward,Add
3,8,148,46,Yes,Yes,No,Forward,Add
9,3,36,37,Yes,Yes,Yes,Forward,Add
1,3,3,42,No,Yes,No,Forward,Add
4,9,6,19,No,Yes,No,Forward,Add
9,11,162,34,Yes,No,Yes,Forward,Multiply
11,9,13,37,Yes,Yes,No,Forward,Add
4,8,203,6,Yes,No,No,Forward,Multiply
11,3,138,51,No,Yes,No,Forward,Add
5,12,112,18,No,No,Yes,Forward,Add
2,6,155,24,Yes,Yes,No,Forward,Add
7,11,67,67,Yes,Yes,Yes,Forward,Add
11,1,97,31,Yes,No,No,Forward,Add
5,2,11,60,Yes,No,Yes,Backward,Subtract
9,3,152,6,No,No,No,Forward,Add
12,2,5,32,No,No,Yes,Forward,Multiply
8,10,1,20,No,Yes,No,Forward,Add
12,6,243,20,No,Yes,Yes,Forward,Add
9,11,144,48,No,No,Yes,Forward,Divide
12,3,91,59,No,No,Yes,Backward,Subtract
8,11,156,35,Yes,No,Yes,Forward,Multiply
3,3,137,35,Yes,Yes,Yes,Forward,Add
1,3,127,37,No,Yes,No,Forward,Add
9,3,175,17,No,No,Yes,Forward,Multiply
1,10,174,61,Yes,No,No,Forward,Add
5,10,140,66,Yes,Yes,Yes,Forward,Add
11,11,232,26,No,Yes,Yes,Forward,Add
10,9,21,13,No,No,Yes,Forward,Add
7,4,52,16,No,No,No,Forward,Add
11,11,13,27,No,No,Yes,Forward,Multiply
8,10,0,13,Yes,No,Yes,Forward,Divide
3,10,149,29,No,No,No,Forward,Add
8,7,164,15,Yes,Yes,No,Forward,Add
5,7,70,49,No,No,Yes,Backward,Subtract
11,12,205,48,No,No,No,Forward,Multiply
9,10,101,50,No,Yes,Yes,Forward,Add
9,9,75,22,Yes,Yes,No,Forward,Add
11,12,121,60,Yes,Yes,Yes,Forward,Add
10,4,102,10,Yes,Yes,No,Forward,Add
1,9,134,28,No,No,Yes,Forward,Multiply
2,7,32,19,No,Yes,No,Forward,Add
1,7,126,65,Yes,No,Yes,Forward,Add
5,8,115,18,Yes,Yes,Yes,Forward,Add
6,9,178,35,No,No,No,Forward,Add
5,9,129,69,No,No,Yes,Forward,Add
12,12,114,62,No,Yes,Yes,Forward,Add
2,7,244,18,No,Yes,No,Forward,Add
2,9,111,16,No,No,No,Forward,Add
2,6,199,42,Yes,No,Yes,Forward,Multiply
6,10,140,70,No,No,Yes,Forward,Multiply
7,5,23,28,No,Yes,No,Forward,Add
10,9,151,61,No,Yes,Yes,Forward,Add
9,7,113,43,Yes,Yes,No,Forward,Add
5,1,98,48,Yes,Yes,No,Forward,Add
6,7,186,46,Yes,No,Yes,Backward,Subtract
12,9,153,8,Yes,No,Yes,Backward,Subtract
1,5,208,9,No,No,Yes,Forward,Multiply
5,10,111,60,Yes,No,Yes,Backward,Subtract
12,3,177,20,No,No,Yes,Forward,Add
9,9,236,37,Yes,Yes,Yes,Forward,Add
8,12,36,65,Yes,Yes,Yes,Forward,Add
8,5,170,11,Yes,Yes,No,Forward,Add
7,5,9,17,No,Yes,No,Forward,Add
5,10,238,36,Yes,Yes,No,Forward,Add
11,2,176,7,Yes,No,Yes,Forward,Multiply
7,8,31,0,No,Yes,Yes,Forward,Add
10,2,193,52,No,No,Yes,Forward,Add
6,6,185,0,Yes,Yes,Yes,Forward,Add
3,6,127,65,No,No,No,Forward,Multiply
6,7,66,17,No,Yes,Yes,Forward,Add
3,11,168,6,No,No,Yes,Forward,Add
1,6,51,41,No,No,Yes,Forward,Multiply
4,7,60,32,Yes,No,No,Forward,Divide
10,6,198,30,Yes,No,No,Forward,Multiply
7,6,218,5,Yes,Yes,Yes,Forward,Add
7,3,121,16,No,Yes,No,Forward,Add
6,11,140,11,No,No,Yes,Forward,Multiply
3,12,174,30,Yes,Yes,Yes,Forward,Add
1,5,31,29,Yes,Yes,Yes,Forward,Add
10,9,214,46,No,Yes,No,Forward,Add
11,6,129,29,No,Yes,No,Forward,Add
7,7,42,32,Yes,No,Yes,Forward,Divide
1,9,66,42,No,Yes,No,Forward,Add
5,8,108,64,Yes,No,Yes,Forward,Multiply
5,10,139,14,No,Yes,No,Forward,Add
1,10,110,43,No,No,No,Forward,Multiply
3,2,90,35,Yes,Yes,Yes,Forward,Add
10,3,5,20,Yes,Yes,Yes,Forward,Add
10,9,201,2,No,Yes,No,Forward,Add
1,12,41,21,No,Yes,Yes,Forward,Add
8,7,87,30,No,No,No,Forward,Add
6,6,24,9,No,Yes,No,Forward,Add
8,12,90,36,Yes,Yes,Yes,Forward,Add
10,3,174,67,Yes,No,Yes,Forward,Add
8,8,82,50,No,No,No,Backward,Subtract
9,5,226,36,Yes,No,No,Forward,Divide
4,1,158,47,Yes,No,Yes,Forward,Multiply
12,3,52,52,Yes,No,No,Backward,Subtract
6,4,174,62,Yes,No,Yes,Forward,Add
6,7,14,18,No,Yes,Yes,Forward,Add
12,5,138,24,Yes,Yes,Yes,Forward,Add
3,11,65,60,Yes,Yes,No,Forward,Add
2,5,47,61,No,Yes,Yes,Forward,Add
1,4,213,60,No,No,Yes,Forward,Add
10,3,159,9,No,Yes,Yes,Forward,Add
8,5,51,58,Yes,Yes,No,Forward,Add
6,12,182,61,No,Yes,Yes,Forward,Add
11,9,129,10,No,Yes,Yes,Forward,Add
5,11,155,40,Yes,Yes,No,Forward,Add
12,6,167,6,Yes,Yes,No,Forward,Add
2,12,133,43,Yes,Yes,Yes,Forward,Add
12,10,185,61,No,Yes,No,Forward,Add
4,12,180,34,Yes,No,No,Forward,Add
12,2,117,31,No,No,No,Forward,Add
1,3,220,20,No,No,Yes,Forward,Multiply
11,9,33,16,No,No,Yes,Forward,Multiply
1,10,237,12,Yes,No,Yes,Forward,Multiply
9,2,35,23,No,Yes,No,Forward,Add
3,1,45,2,No,No,No,Forward,Multiply
10,7,129,36,No,No,Yes,Forward,Add
5,7,165,63,No,No,No,Forward,Add
7,8,36,31,Yes,Yes,Yes,Forward,Add
9,3,49,28,Yes,No,No,Forward,Multiply
1,11,201,11,Yes,Yes,No,Forward,Add
9,4,90,26,Yes,Yes,Yes,Forward,Add
5,5,139,7,No,No,No,Forward,Add
8,11,8,32,No,No,No,Forward,Divide
7,12,27,36,No,No,Yes,Forward,Add
3,1,59,63,Yes,Yes,No,Forward,Add
6,5,236,52,No,Yes,No,Forward,Add
10,10,195,5,Yes,No,No,Forward,Multiply
10,2,7,21,No,No,Yes,Forward,Add
8,1,146,41,No,Yes,No,Forward,Add
3,4,147,61,No,Yes,No,Forward,Add
11,2,8,45,No,No,No,Forward,Add
1,10,154,54,Yes,Yes,No,Forward,Add
3,12,48,61,No,No,Yes,Forward,Multiply
1,11,228,10,No,Yes,No,Forward,Add
4,3,201,46,No,Yes,No,Forward,Add
12,4,84,19,Yes,Yes,No,Forward,Add
8,4,241,62,No,Yes,No,Forward,Add
5,3,180,26,Yes,No,No,Forward,Multiply
11,1,20,4,No,Yes,Yes,Forward,Add
8,11,80,6,No,No,Yes,Forward,Add
11,3,36,21,No,No,Yes,Forward,Add
10,6,224,22,Yes,Yes,No,Forward,Add
1,7,128,45,Yes,No,Yes,Forward,Multiply
9,5,35,13,Yes,No,Yes,Forward,Multiply
9,5,236,51,No,Yes,Yes,Forward,Add
11,3,140,64,No,No,Yes,Forward,Add
1,10,169,30,No,No,No,Forward,Multiply
12,9,146,62,Yes,No,Yes,Forward,Add
11,5,113,47,Yes,Yes,No,Forward,Add
3,5,232,23,Yes,No,No,Forward,Multiply
10,6,110,65,Yes,No,Yes,Forward,Multiply
10,1,117,44,Yes,Yes,No,Forward,Add
9,10,194,37,Yes,Yes,Yes,Forward,Add
12,2,76,1,No,No,Yes,Forward,Add
3,3,236,39,Yes,Yes,Yes,Forward,Add
12,8,166,46,Yes,No,No,Forward,Divide
1,12,79,25,Yes,No,No,Forward,Multiply
7,5,153,35,Yes,Yes,No,Forward,Add
2,7,135,3,Yes,Yes,No,Forward,Add
1,6,197,45,No,No,No,Backward,Subtract
6,11,12,0,Yes,Yes,Yes,Forward,Add
3,9,239,42,No,Yes,Yes,Forward,Add
11,6,90,10,Yes,No,No,Backward,Subtract
12,8,145,11,Yes,Yes,Yes,Forward,Add
7,1,179,57,No,No,No,Forward,Add
6,3,70,65,Yes,No,Yes,Forward,Add
8,11,107,2,Yes,No,No,Forward,Divide
8,8,35,16,No,No,Yes,Forward,Divide
3,5,213,64,Yes,No,No,Backward,Subtract
7,7,40,47,Yes,No,Yes,Forward,Add
8,3,115,5,No,Yes,No,Forward,Add
7,3,68,23,No,Yes,No,Forward,Add
11,8,15,3,No,No,Yes,Forward,Add
3,8,100,24,Yes,No,Yes,Forward,Add
6,11,120,19,Yes,No,Yes,Forward,Add
5,12,245,70,Yes,Yes,Yes,Forward,Add
8,4,21,30,Yes,Yes,No,Forward,Add
4,2,74,23,Yes,Yes,No,Forward,Add
10,8,188,55,Yes,No,Yes,Forward,Add
1,9,240,45,Yes,No,No,Forward,Multiply
11,5,126,66,Yes,Yes,Yes,Forward,Add
9,8,98,12,No,Yes,No,Forward,Add
5,6,132,41,Yes,No,No,Forward,Multiply
10,7,98,55,No,No,No,Forward,Add
5,10,234,19,Yes,Yes,Yes,Forward,Add
8,4,160,33,No,Yes,Yes,Forward,Add
6,5,243,60,No,No,No,Forward,Divide
8,9,48,9,Yes,Yes,Yes,Forward,Add
4,12,183,36,No,No,No,Forward,Multiply
12,6,17,5,No,No,No,Forward,Add
4,7,63,41,No,No,Yes,Forward,Multiply
12,10,63,33,No,No,No,Forward,Add
1,6,198,60,No,No,No,Forward,Add
9,3,173,17,No,Yes,Yes,Forward,Add
6,3,249,64,Yes,Yes,Yes,Forward,Add
12,4,199,23,No,Yes,Yes,Forward,Add
1,4,118,23,No,No,Yes,Forward,Multiply
5,7,147,48,Yes,Yes,No,Forward,Add
4,5,3,18,Yes,Yes,Yes,Forward,Add
11,4,117,13,No,Yes,Yes,Forward,Add
8,4,145,3,Yes,No,No,Forward,Add
5,6,186,10,Yes,Yes,No,Forward,Add
4,2,84,70,Yes,Yes,Yes,Forward,Add
4,2,105,31,Yes,No,Yes,Forward,Add
7,12,54,48,Yes,Yes,No,Forward,Add
5,8,215,15,Yes,No,Yes,Forward,Multiply
6,1,84,14,Yes,Yes,Yes,Forward,Add
10,9,69,54,No,Yes,No,Forward,Add
6,4,66,29,No,Yes,No,Forward,Add
5,10,246,41,No,Yes,No,Forward,Add
7,8,30,12,Yes,Yes,Yes,Forward,Add
11,10,184,20,Yes,Yes,No,Forward,Add
5,5,131,7,Yes,Yes,No,Forward,Add
11,4,0,44,Yes,Yes,Yes,Forward,Add
9,9,177,12,Yes,Yes,No,Forward,Add
3,6,131,41,No,No,No,Forward,Add
2,9,30,35,Yes,Yes,No,Forward,Add
3,10,183,64,Yes,Yes,Yes,Forward,Add
11,2,190,20,No,Yes,Yes,Forward,Add
4,7,18,19,Yes,No,No,Forward,Add
3,6,72,59,Yes,No,No,Forward,Add
7,9,175,46,Yes,No,No,Forward,Add
9,2,87,15,No,Yes,Yes,Forward,Add
1,7,13,59,Yes,Yes,Yes,Forward,Add
11,7,191,41,No,Yes,No,Forward,Add
11,7,180,51,Yes,No,No,Forward,Divide
6,9,209,53,Yes,Yes,No,Forward,Add
4,8,165,7,Yes,Yes,Yes,Forward,Add
11,10,194,24,No,Yes,No,Forward,Add
1,12,114,19,No,No,Yes,Forward,Divide
1,8,145,39,Yes,Yes,No,Forward,Add
9,4,125,43,No,No,Yes,Forward,Add
2,9,195,6,Yes,No,No,Forward,Multiply
6,8,115,49,No,No,Yes,Forward,Add
12,3,138,34,Yes,Yes,No,Forward,Add
5,6,232,54,No,No,Yes,Forward,Add
7,5,169,44,Yes,No,Yes,Forward,Multiply
2,8,69,61,Yes,Yes,Yes,Forward,Add
12,11,114,68,Yes,No,No,Forward,Multiply
8,5,73,54,Yes,No,Yes,Forward,Add
9,5,47,6,Yes,No,No,Forward,Divide
4,7,55,27,Yes,No,No,Forward,Multiply
7,7,194,1,Yes,Yes,Yes,Forward,Add
2,1,43,50,No,Yes,No,Forward,Add
10,6,236,12,No,Yes,Yes,Forward,Add
7,8,73,52,Yes,No,No,Forward,Add
2,2,194,37,Yes,Yes,Yes,Forward,Add
2,8,171,1,Yes,Yes,Yes,Forward,Add
5,10,133,27,Yes,No,Yes,Forward,Add
7,5,101,51,No,No,No,Forward,Add
7,8,160,29,No,Yes,No,Forward,Add
11,5,52,43,Yes,Yes,Yes,Forward,Add
1,4,59,10,No,No,Yes,Forward,Add
8,6,206,42,Yes,No,No,Backward,Subtract
11,7,198,35,Yes,No,Yes,Forward,Multiply
10,9,248,55,No,Yes,No,Forward,Add
8,1,22,23,Yes,No,Yes,Forward,Multiply
3,11,7,12,No,Yes,Yes,Forward,Add
9,5,54,45,No,Yes,Yes,Forward,Add
2,12,146,50,Yes,No,Yes,Forward,Add
11,7,203,56,No,Yes,Yes,Forward,Add
10,4,226,31,No,No,Yes,Forward,Multiply
8,10,140,34,No,No,Yes,Forward,Add
7,2,227,54,No,No,Yes,Forward,Add
10,9,210,46,Yes,No,No,Forward,Add
6,7,220,36,No,No,Yes,Forward,Multiply
4,4,32,67,Yes,No,Yes,Forward,Add
9,2,40,46,Yes,No,No,Forward,Add
10,5,158,20,Yes,No,No,Forward,Add
8,5,94,11,Yes,No,No,Forward,Add
7,3,235,2,No,No,No,Forward,Multiply
8,8,65,20,No,No,No,Forward,Multiply
10,2,14,7,No,No,Yes,Forward,Multiply
5,2,238,7,No,No,No,Forward,Multiply
11,5,63,70,Yes,No,Yes,Forward,Add
10,10,164,3,Yes,No,Yes,Forward,Multiply
2,6,99,37,No,No,Yes,Forward,Add
8,11,23,65,Yes,No,Yes,Forward,Multiply
2,5,163,17,Yes,No,No,Forward,Multiply
8,4,135,30,Yes,No,No,Forward,Add
2,5,216,66,No,No,No,Backward,Subtract
12,4,177,61,No,No,Yes,Forward,Multiply
8,4,1,48,Yes,Yes,No,Forward,Add
11,12,225,12,No,Yes,Yes,Forward,Add
6,10,243,68,No,No,Yes,Backward,Subtract
8,11,39,40,No,No,No,Forward,Multiply
8,10,135,64,Yes,No,No,Forward,Multiply
5,2,29,43,No,No,No,Forward,Multiply
5,6,194,18,Yes,No,No,Forward,Multiply
8,2,104,19,Yes,Yes,No,Forward,Add
4,2,18,66,No,No,No,Forward,Multiply
1,4,161,36,Yes,No,No,Forward,Multiply
3,3,216,20,Yes,Yes,No,Forward,Add
9,6,203,29,No,Yes,Yes,Forward,Add
12,3,58,29,No,No,Yes,Forward,Divide
8,3,136,42,Yes,No,No,Forward,Add
12,10,158,18,Yes,No,No,Forward,Add
3,1,220,29,Yes,No,No,Forward,Multiply
2,12,179,20,Yes,Yes,No,Forward,Add
9,4,125,9,No,No,Yes,Forward,Multiply
2,1,124,54,No,Yes,Yes,Forward,Add
10,7,40,63,Yes,No,No,Forward,Multiply
2,4,116,31,No,No,Yes,Forward,Add
11,10,138,43,Yes,No,No,Forward,Add
1,6,215,49,No,Yes,Yes,Forward,Add
8,5,228,22,Yes,Yes,Yes,Forward,Add
2,12,10,41,Yes,Yes,No,Forward,Add
3,2,227,37,Yes,Yes,No,Forward,Add
9,9,236,14,No,No,No,Forward,Multiply
2,5,242,13,No,Yes,Yes,Forward,Add
1,6,70,47,No,No,No,Forward,Add
6,6,4,22,No,No,Yes,Forward,Multiply
6,1,224,39,Yes,No,No,Forward,Multiply
10,11,73,8,No,No,Yes,Backward,Subtract
3,6,40,65,Yes,Yes,Yes,Forward,Add
11,8,37,42,Yes,Yes,Yes,Forward,Add
4,2,226,55,Yes,Yes,No,Forward,Add
10,7,199,39,No,Yes,Yes,Forward,Add
6,10,148,16,No,No,Yes,Forward,Add
11,2,161,62,Yes,No,Yes,Backward,Subtract
8,4,143,16,Yes,Yes,Yes,Forward,Add
8,4,100,12,No,Yes,No,Forward,Add
5,6,44,35,No,Yes,No,Forward,Add
1,7,245,45,No,Yes,No,Forward,Add
8,7,136,8,No,Yes,Yes,Forward,Add
10,4,75,29,No,No,Yes,Forward,Divide
2,5,108,69,Yes,Yes,Yes,Forward,Add
7,11,14,34,Yes,No,No,Backward,Subtract
4,7,169,13,No,Yes,No,Forward,Add
12,8,69,27,Yes,No,No,Forward,Multiply
9,5,150,47,Yes,No,Yes,Forward,Add
3,8,216,3,Yes,Yes,Yes,Forward,Add
4,3,71,32,Yes,No,Yes,Forward,Divide
12,11,106,3,No,No,Yes,Forward,Multiply
9,6,16,13,Yes,Yes,No,Forward,Add
3,11,123,21,Yes,Yes,Yes,Forward,Add
9,7,138,35,No,No,Yes,Forward,Add
7,3,122,24,No,Yes,No,Forward,Add
2,3,134,37,Yes,No,Yes,Forward,Multiply
10,8,167,23,No,Yes,Yes,Forward,Add
10,7,233,37,No,No,No,Forward,Divide
5,10,35,2,No,No,Yes,Forward,Multiply
3,10,81,52,Yes,No,Yes,Backward,Subtract
7,8,182,69,No,Yes,Yes,Forward,Add
10,2,121,27,No,No,Yes,Forward,Multiply
3,11,52,3,No,Yes,Yes,Forward,Add
2,11,247,11,Yes,No,No,Forward,Divide
5,6,241,28,Yes,Yes,Yes,Forward,Add
4,10,87,8,No,No,No,Forward,Multiply
5,11,87,2,No,Yes,Yes,Forward,Add
4,6,164,43,Yes,Yes,Yes,Forward,Add
3,5,175,61,No,No,Yes,Forward,Multiply
5,12,109,36,Yes,No,No,Forward,Multiply
2,8,120,46,Yes,No,No,Forward,Add
11,7,125,0,No,No,No,Forward,Add
2,11,217,40,No,No,No,Forward,Multiply
8,5,80,17,Yes,Yes,Yes,Forward,Add
8,7,181,40,Yes,No,No,Forward,Add
4,8,85,25,No,No,Yes,Forward,Add
3,4,2,53,Yes,Yes,Yes,Forward,Add
6,8,106,43,Yes,No,No,Forward,Divide
12,4,113,9,Yes,Yes,Yes,Forward,Add
1,9,238,25,Yes,Yes,No,Forward,Add
2,4,149,66,No,No,Yes,Forward,Add
10,10,230,34,Yes,No,No,Forward,Multiply
8,3,41,3,No,Yes,Yes,Forward,Add
2,6,43,12,Yes,No,No,Forward,Multiply
3,9,98,1,Yes,No,Yes,Forward,Add
4,3,199,32,Yes,No,No,Forward,Multiply
1,3,123,50,No,No,No,Forward,Multiply
9,3,137,11,Yes,No,Yes,Backward,Subtract
4,4,92,54,Yes,No,No,Forward,Divide
10,10,115,62,Yes,No,Yes,Forward,Add
1,1,230,47,Yes,No,Yes,Forward,Multiply
1,7,142,30,No,Yes,No,Forward,Add
1,7,126,49,No,Yes,Yes,Forward,Add
7,9,214,11,No,No,Yes,Forward,Multiply
9,10,2,43,Yes,Yes,No,Forward,Add
11,4,156,68,Yes,No,No,Forward,Multiply
12,6,247,30,No,No,Yes,Forward,Multiply
10,7,150,42,No,Yes,Yes,Forward,Add
5,1,57,39,No,Yes,No,Forward,Add
5,10,202,30,No,No,Yes,Forward,Multiply
3,7,139,66,Yes,Yes,No,Forward,Add
4,9,217,57,No,Yes,No,Forward,Add
5,2,199,16,Yes,No,Yes,Forward,Multiply
2,12,19,16,No,No,Yes,Forward,Add
5,8,187,30,No,Yes,Yes,Forward,Add
8,8,72,57,No,No,Yes,Backward,Subtract
5,9,151,60,No,Yes,No,Forward,Add
4,3,248,15,No,Yes,Yes,Forward,Add
10,12,3,31,No,No,No,Forward,Add
6,8,230,27,No,Yes,Yes,Forward,Add
9,12,79,6,No,No,No,Forward,Multiply
3,4,167,14,Yes,Yes,Yes,Forward,Add
4,2,107,10,No,No,Yes,Forward,Add
12,11,186,36,Yes,Yes,No,Forward,Add
6,3,73,37,Yes,Yes,No,Forward,Add
10,6,29,26,No,Yes,No,Forward,Add
1,1,170,41,Yes,No,Yes,Forward,Add
10,7,184,25,Yes,Yes,Yes,Forward,Add
5,6,123,32,No,Yes,Yes,Forward,Add
7,8,219,50,Yes,Yes,Yes,Forward,Add
11,3,210,10,No,Yes,Yes,Forward,Add
9,9,233,39,No,No,No,Forward,Divide
2,8,21,15,No,No,Yes,Forward,Add
12,11,19,65,No,Yes,Yes,Forward,Add
10,10,187,55,No,No,No,Backward,Subtract
8,2,105,41,Yes,Yes,Yes,Forward,Add
4,6,12,7,No,Yes,Yes,Forward,Add
2,2,101,66,Yes,No,Yes,Forward,Add
3,9,53,51,Yes,No,Yes,Backward,Subtract
12,1,197,39,Yes,No,No,Forward,Multiply
1,4,159,48,No,No,Yes,Backward,Subtract
1,3,22,62,Yes,No,No,Forward,Add
11,9,51,64,Yes,Yes,No,Forward,Add
8,11,9,22,Yes,No,No,Forward,Divide
6,10,65,68,No,No,No,Forward,Multiply
8,10,42,46,No,Yes,Yes,Forward,Add
4,3,8,42,No,Yes,Yes,Forward,Add
10,5,100,3,Yes,Yes,No,Forward,Add
2,5,65,49,No,Yes,Yes,Forward,Add
8,1,176,55,Yes,Yes,Yes,Forward,Add
3,8,162,23,No,No,No,Forward,Add
3,8,40,11,Yes,Yes,No,Forward,Add
9,12,222,46,Yes,No,Yes,Forward,Add
9,6,161,35,Yes,Yes,Yes,Forward,Add
4,5,244,56,No,Yes,Yes,Forward,Add
11,10,137,21,No,Yes,Yes,Forward,Add
10,10,243,32,No,No,Yes,Forward,Multiply
7,2,148,49,No,No,Yes,Forward,Add
2,4,37,1,No,Yes,No,Forward,Add
8,3,39,66,Yes,Yes,No,Forward,Add
5,10,227,50,Yes,Yes,No,Forward,Add
6,7,69,26,Yes,No,Yes,Backward,Subtract
6,3,212,3,Yes,Yes,No,Forward,Add
3,8,8,20,No,Yes,Yes,Forward,Add
6,10,26,18,Yes,Yes,Yes,Forward,Add
6,9,24,64,No,Yes,Yes,Forward,Add
1,6,56,16,No,Yes,No,Forward,Add
3,4,175,54,Yes,Yes,No,Forward,Add
6,1,80,52,Yes,No,No,Forward,Add
7,8,26,49,Yes,Yes,Yes,Forward,Add
10,6,208,21,No,No,Yes,Forward,Multiply
6,12,113,37,No,Yes,No,Forward,Add
4,4,193,57,Yes,No,No,Forward,Add
1,7,199,46,No,Yes,Yes,Forward,Add
11,9,150,66,No,No,Yes,Forward,Multiply
10,5,250,63,Yes,No,Yes,Forward,Divide
9,6,18,11,No,Yes,No,Forward,Add
1,4,102,56,No,Yes,No,Forward,Add
7,4,188,21,No,No,Yes,Forward,Add
8,7,125,45,No,No,Yes,Forward,Add
7,10,140,44,Yes,Yes,Yes,Forward,Add
2,3,171,34,No,Yes,No,Forward,Add
9,7,90,2,Yes,Yes,Yes,Forward,Add
5,8,44,39,Yes,Yes,Yes,Forward,Add
12,4,132,62,Yes,No,No,Forward,Add
9,1,203,51,Yes,No,No,Forward,Add
5,4,248,42,Yes,No,Yes,Forward,Multiply
12,12,7,2,No,No,Yes,Forward,Multiply
9,12,174,17,Yes,No,No,Forward,Add
10,1,15,13,No,No,Yes,Forward,Multiply
1,6,250,35,No,No,Yes,Forward,Divide
4,8,125,1,Yes,Yes,No,Forward,Add
4,12,163,61,Yes,No,No,Forward,Multiply
6,4,105,17,Yes,Yes,No,Forward,Add
1,8,241,14,No,No,No,Forward,Multiply
1,3,51,23,No,No,No,Forward,Divide
2,6,191,16,Yes,Yes,No,Forward,Add
7,7,230,45,Yes,No,No,Forward,Multiply
4,4,250,27,Yes,No,No,Forward,Multiply
6,8,149,10,No,No,Yes,Forward,Add
12,2,151,5,Yes,No,No,Forward,Add
9,3,74,55,Yes,No,Yes,Forward,Add
3,9,149,68,Yes,No,Yes,Forward,Multiply
9,9,53,21,No,Yes,No,Forward,Add
10,3,222,53,No,Yes,No,Forward,Add
7,8,172,28,Yes,Yes,Yes,Forward,Add
12,6,153,14,Yes,Yes,No,Forward,Add
10,6,153,52,Yes,No,Yes,Forward,Multiply
5,7,16,4,Yes,No,Yes,Forward,Add
4,8,32,31,Yes,No,Yes,Forward,Divide
7,7,121,59,No,Yes,No,Forward,Add
3,7,108,1,No,No,Yes,Forward,Divide
11,12,37,53,No,Yes,Yes,Forward,Add
10,10,206,54,No,No,Yes,Forward,Multiply
8,2,137,63,No,No,Yes,Forward,Multiply
8,9,21,54,Yes,Yes,Yes,Forward,Add
9,1,214,16,Yes,Yes,Yes,Forward,Add
12,3,11,27,No,Yes,Yes,Forward,Add
4,9,33,17,Yes,Yes,Yes,Forward,Add
11,7,32,20,Yes,No,No,Forward,Multiply
12,8,72,28,No,No,Yes,Forward,Add
10,12,87,30,No,Yes,Yes,Forward,Add
6,12,223,32,No,Yes,Yes,Forward,Add
6,12,27,23,Yes,Yes,No,Forward,Add
2,12,220,23,No,No,No,Forward,Multiply
11,6,13,39,Yes,No,Yes,Forward,Add
5,6,35,61,Yes,No,Yes,Forward,Add
4,9,62,43,Yes,Yes,No,Forward,Add
9,5,167,52,No,Yes,Yes,Forward,Add
2,11,32,24,No,No,No,Backward,Subtract
8,8,249,57,No,Yes,Yes,Forward,Add
11,5,117,63,Yes,No,Yes,Backward,Subtract
4,6,216,45,No,No,Yes,Forward,Multiply
11,11,12,10,Yes,No,No,Backward,Subtract
9,5,76,31,No,No,No,Forward,Add
8,10,204,48,Yes,No,No,Forward,Add
12,2,138,53,Yes,Yes,Yes,Forward,Add
3,12,236,6,No,Yes,No,Forward,Add
2,12,78,45,No,Yes,Yes,Forward,Add
7,1,111,50,No,Yes,No,Forward,Add
8,1,49,65,Yes,No,No,Forward,Add
3,12,113,0,No,No,Yes,Forward,Add
2,10,55,26,Yes,Yes,Yes,Forward,Add
5,6,87,7,Yes,Yes,Yes,Forward,Add
11,10,210,57,No,No,Yes,Forward,Multiply
11,12,65,28,No,No,No,Backward,Subtract
6,3,65,66,No,No,No,Forward,Multiply
6,5,224,20,No,No,Yes,Forward,Multiply
3,11,146,34,No,Yes,Yes,Forward,Add
7,2,68,53,No,No,Yes,Forward,Add
11,7,75,36,No,Yes,No,Forward,Add
11,3,49,51,Yes,No,No,Backward,Subtract
4,11,212,33,No,Yes,No,Forward,Add
9,7,22,30,No,No,No,Forward,Add
8,6,53,30,Yes,No,No,Forward,Multiply
5,4,111,62,Yes,Yes,No,Forward,Add
11,7,179,69,Yes,No,Yes,Forward,Add
9,6,0,2,No,No,No,Forward,Divide
11,10,221,7,Yes,No,No,Forward,Multiply
2,9,193,40,Yes,Yes,Yes,Forward,Add
1,5,117,7,No,No,No,Forward,Add
11,1,169,25,No,No,Yes,Backward,Subtract
8,11,74,27,No,No,Yes,Forward,Divide
5,12,226,16,Yes,No,Yes,Forward,Multiply
1,3,205,42,No,No,Yes,Backward,Subtract
10,3,108,33,No,No,No,Forward,Add
4,4,108,17,No,Yes,No,Forward,Add
5,11,119,24,Yes,Yes,No,Forward,Add
2,5,110,31,Yes,Yes,Yes,Forward,Add
12,12,202,48,Yes,Yes,Yes,Forward,Add
5,7,236,25,Yes,No,Yes,Forward,Multiply
8,3,169,27,No,Yes,No,Forward,Add
11,3,75,9,Yes,No,Yes,Forward,Multiply
2,3,128,65,Yes,No,No,Forward,Add
4,12,23,24,Yes,Yes,Yes,Forward,Add
7,5,189,57,No,Yes,No,Forward,Add
5,10,35,30,Yes,Yes,No,Forward,Add
10,9,203,49,No,Yes,No,Forward,Add
12,4,168,15,No,Yes,No,Forward,Add
11,6,100,32,No,Yes,Yes,Forward,Add
4,7,71,32,No,Yes,Yes,Forward,Add
4,5,35,41,No,No,No,Forward,Add
3,10,86,19,Yes,No,Yes,Forward,Multiply
9,4,244,35,No,No,No,Forward,Divide
4,4,235,7,No,Yes,No,Forward,Add
9,10,249,33,Yes,No,Yes,Forward,Multiply
3,11,6,42,Yes,No,No,Forward,Divide
5,11,8,47,No,No,No,Forward,Add
4,6,19,62,No,Yes,No,Forward,Add
11,3,129,61,No,Yes,No,Forward,Add
7,8,130,53,Yes,No,No,Forward,Multiply
11,11,237,53,Yes,No,Yes,Forward,Multiply
6,5,61,60,No,No,No,Forward,Multiply
3,11,114,20,Yes,No,No,Forward,Add
7,5,157,37,No,No,No,Backward,Subtract
5,5,134,12,Yes,No,No,Forward,Add
11,1,236,50,Yes,No,No,Forward,Add
10,1,111,47,Yes,No,Yes,Forward,Multiply
5,4,142,43,Yes,No,Yes,Forward,Multiply
4,6,242,4,No,Yes,Yes,Forward,Add
1,12,182,19,Yes,No,Yes,Forward,Divide
12,2,32,4,No,No,Yes,Forward,Divide
8,1,14,55,Yes,No,Yes,Forward,Multiply
4,12,75,6,Yes,Yes,No,Forward,Add
1,11,24,19,No,No,Yes,Forward,Multiply
1,4,161,40,No,Yes,Yes,Forward,Add
12,4,86,23,No,Yes,No,Forward,Add
10,5,249,59,No,No,Yes,Forward,Divide
10,10,156,24,Yes,Yes,Yes,Forward,Add
4,6,96,1,No,Yes,No,Forward,Add
7,11,179,38,Yes,Yes,No,Forward,Add
2,8,94,20,Yes,Yes,Yes,Forward,Add
11,11,10,42,No,Yes,Yes,Forward,Add
1,1,223,15,Yes,Yes,Yes,Forward,Add
6,2,125,47,Yes,No,No,Forward,Add
4,6,249,8,No,Yes,Yes,Forward,Add
10,4,131,24,No,No,Yes,Forward,Divide
8,8,80,45,No,Yes,Yes,Forward,Add
4,6,201,9,Yes,Yes,No,Forward,Add
12,2,46,26,Yes,Yes,No,Forward,Add
12,1,172,43,Yes,No,No,Forward,Multiply
7,3,191,67,No,Yes,No,Forward,Add
11,1,20,1,Yes,Yes,Yes,Forward,Add
8,10,182,2,No,No,Yes,Forward,Multiply
11,11,195,44,Yes,Yes,No,Forward,Add
12,12,207,40,No,Yes,No,Forward,Add
12,4,100,33,No,No,No,Backward,Subtract
6,11,160,68,Yes,No,No,Forward,Multiply
9,11,122,7,Yes,Yes,Yes,Forward,Add
5,12,183,59,Yes,No,No,Forward,Multiply
10,12,70,1,Yes,No,Yes,Forward,Multiply
1,6,236,56,No,No,No,Forward,Add
8,5,16,49,No,Yes,No,Forward,Add
2,3,112,27,Yes,No,Yes,Forward,Multiply
5,1,139,15,No,No,Yes,Forward,Add
5,1,76,59,No,No,Yes,Backward,Subtract
4,1,72,25,No,Yes,No,Forward,Add
8,5,164,12,Yes,Yes,Yes,Forward,Add
5,3,115,50,No,No,No,Forward,Multiply
7,2,193,10,No,No,Yes,Forward,Multiply
9,12,240,33,Yes,Yes,No,Forward,Add
1,7,21,66,No,Yes,No,Forward,Add
10,9,117,62,Yes,Yes,No,Forward,Add
1,1,33,17,No,Yes,No,Forward,Add
11,1,206,43,Yes,Yes,Yes,Forward,Add
11,1,36,46,No,No,No,Forward,Add
2,9,81,29,Yes,Yes,Yes,Forward,Add
1,3,238,54,Yes,Yes,Yes,Forward,Add
1,9,130,27,No,Yes,No,Forward,Add
7,12,246,17,No,Yes,No,Forward,Add
12,3,228,63,No,Yes,Yes,Forward,Add
1,3,147,9,No,No,No,Forward,Multiply
4,10,45,32,Yes,No,No,Forward,Add
12,5,65,53,Yes,No,No,Forward,Multiply
3,9,107,18,No,Yes,No,Forward,Add
9,6,39,59,No,No,No,Forward,Add
11,6,10,33,Yes,Yes,Yes,Forward,Add
1,5,19,13,No,Yes,Yes,Forward,Add
7,7,217,6,Yes,Yes,No,Forward,Add
5,1,222,44,No,No,Yes,Backward,Subtract
8,2,142,4,Yes,No,No,Forward,Multiply
7,12,103,18,Yes,No,Yes,Forward,Add
10,6,216,9,No,No,No,Forward,Multiply
9,7,171,26,Yes,No,No,Forward,Add
4,9,60,19,No,Yes,Yes,Forward,Add
2,6,122,13,No,Yes,Yes,Forward,Add
7,12,187,24,Yes,Yes,Yes,Forward,Add
3,2,146,0,Yes,Yes,Yes,Forward,Add
2,1,249,41,Yes,Yes,No,Forward,Add
10,4,39,2,Yes,Yes,Yes,Forward,Add
1,7,97,45,No,Yes,Yes,Forward,Add
2,4,201,14,No,Yes,No,Forward,Add
6,9,197,34,No,Yes,Yes,Forward,Add
12,11,244,60,Yes,No,Yes,Forward,Divide
7,10,120,13,Yes,No,Yes,Forward,Add
5,1,39,4,Yes,Yes,No,Forward,Add
9,3,87,27,No,No,No,Forward,Divide
12,7,75,60,No,No,Yes,Backward,Subtract
12,8,194,26,Yes,No,Yes,Forward,Multiply
5,8,248,23,No,No,Yes,Backward,Subtract
4,6,5,35,No,No,Yes,Forward,Add
9,8,182,50,No,Yes,Yes,Forward,Add
2,12,101,47,No,No,Yes,Forward,Add
9,5,162,63,No,No,No,Forward,Multiply
2,7,0,30,Yes,No,Yes,Backward,Subtract
7,8,83,62,No,No,No,Forward,Multiply
8,4,39,13,No,Yes,Yes,Forward,Add
12,11,15,23,Yes,Yes,Yes,Forward,Add
4,4,66,32,No,Yes,No,Forward,Add
4,7,87,42,No,Yes,Yes,Forward,Add
7,11,8,65,Yes,Yes,No,Forward,Add
12,2,19,20,No,No,No,Backward,Subtract
8,3,66,67,No,Yes,No,Forward,Add
1,12,33,38,No,Yes,No,Forward,Add
1,6,25,37,No,Yes,Yes,Forward,Add
2,2,138,39,No,No,Yes,Forward,Add
2,8,93,19,No,No,Yes,Forward,Multiply
8,9,59,26,Yes,No,No,Backward,Subtract
2,1,72,23,No,No,Yes,Forward,Multiply
3,10,178,53,Yes,No,No,Forward,Multiply
8,9,180,12,No,No,Yes,Forward,Divide
5,12,65,44,No,Yes,No,Forward,Add
8,6,223,60,Yes,Yes,No,Forward,Add
9,3,240,49,No,No,No,Forward,Add
7,8,53,21,Yes,No,No,Forward,Add
11,10,176,8,Yes,No,Yes,Forward,Multiply
3,7,39,4,Yes,No,Yes,Forward,Multiply
2,1,237,55,Yes,Yes,Yes,Forward,Add
12,7,237,60,Yes,Yes,Yes,Forward,Add
3,11,182,33,No,No,Yes,Backward,Subtract
3,8,218,31,Yes,No,Yes,Forward,Multiply
11,12,208,22,No,Yes,No,Forward,Add
8,12,110,62,No,Yes,Yes,Forward,Add
5,5,48,8,No,No,No,Forward,Multiply
8,7,48,58,No,Yes,No,Forward,Add
10,8,174,21,No,No,No,Forward,Multiply
12,12,27,28,Yes,No,No,Forward,Multiply
4,7,175,23,Yes,Yes,No,Forward,Add
3,4,61,66,No,Yes,No,Forward,Add
3,1,193,10,No,No,No,Forward,Multiply
4,12,107,53,No,Yes,Yes,Forward,Add
9,11,8,26,Yes,No,No,Forward,Multiply
7,3,223,70,Yes,No,Yes,Backward,Subtract
12,8,182,63,Yes,No,No,Forward,Add
12,1,148,50,No,Yes,Yes,Forward,Add
4,5,119,48,No,Yes,Yes,Forward,Add
12,11,211,0,Yes,No,No,Forward,Multiply
6,8,172,11,No,Yes,Yes,Forward,Add
8,9,104,26,No,Yes,No,Forward,Add
9,2,55,63,Yes,Yes,Yes,Forward,Add
10,11,196,48,Yes,Yes,Yes,Forward,Add
9,8,66,60,Yes,Yes,Yes,Forward,Add
7,3,110,19,No,Yes,Yes,Forward,Add
6,11,227,4,No,Yes,Yes,Forward,Add
6,9,173,2,No,Yes,No,Forward,Add
4,1,37,39,No,No,Yes,Forward,Add
5,7,238,35,Yes,No,Yes,Forward,Multiply
8,1,195,20,No,Yes,Yes,Forward,Add
4,7,5,8,No,No,Yes,Backward,Subtract
2,5,177,5,Yes,Yes,Yes,Forward,Add
4,2,161,50,Yes,Yes,No,Forward,Add
3,7,245,27,Yes,Yes,Yes,Forward,Add
8,5,167,18,Yes,Yes,Yes,Forward,Add
2,8,39,15,Yes,Yes,Yes,Forward,Add
11,12,25,52,No,Yes,No,Forward,Add
6,9,39,67,Yes,No,Yes,Forward,Add
5,8,28,19,No,No,No,Forward,Add
5,3,249,63,Yes,Yes,No,Forward,Add
12,1,191,35,No,No,Yes,Forward,Multiply
12,6,106,57,Yes,No,Yes,Forward,Add
5,7,84,51,Yes,Yes,Yes,Forward,Add
1,3,134,6,No,No,Yes,Forward,Add
8,5,49,6,No,Yes,No,Forward,Add
3,1,185,21,Yes,No,No,Forward,Add
3,3,45,1,Yes,No,Yes,Forward,Multiply
11,5,72,33,Yes,Yes,No,Forward,Add
11,12,54,0,No,Yes,No,Forward,Add
2,3,180,31,No,No,No,Backward,Subtract
5,2,215,17,No,Yes,Yes,Forward,Add
12,10,245,59,Yes,Yes,No,Forward,Add
2,1,212,19,Yes,No,No,Forward,Multiply
2,3,212,35,Yes,Yes,Yes,Forward,Add
4,4,77,0,Yes,Yes,Yes,Forward,Add
6,10,211,66,Yes,Yes,Yes,Forward,Add
1,3,121,51,Yes,Yes,No,Forward,Add
9,12,248,57,No,No,No,Forward,Divide
11,11,79,25,Yes,Yes,Yes,Forward,Add
9,11,62,31,Yes,No,No,Forward,Divide
5,8,59,36,Yes,Yes,Yes,Forward,Add
8,2,182,54,Yes,Yes,Yes,Forward,Add
6,5,85,50,No,Yes,No,Forward,Add
12,4,117,40,Yes,Yes,No,Forward,Add
8,12,63,39,Yes,Yes,Yes,Forward,Add
5,2,107,31,No,No,No,Forward,Add
8,4,142,46,No,No,Yes,Forward,Multiply
5,11,97,28,No,Yes,No,Forward,Add
8,2,200,22,Yes,Yes,No,Forward,Add
4,1,10,28,No,Yes,No,Forward,Add
11,3,243,47,No,Yes,No,Forward,Add
11,10,236,14,Yes,Yes,Yes,Forward,Add
4,4,153,53,No,Yes,No,Forward,Add
12,11,18,44,No,Yes,No,Forward,Add
10,7,246,58,Yes,No,No,Forward,Divide
4,2,27,61,Yes,Yes,No,Forward,Add
10,2,199,14,No,No,Yes,Forward,Multiply
9,4,90,15,Yes,No,No,Backward,Subtract
4,2,88,8,Yes,Yes,No,Forward,Add
5,10,54,39,No,Yes,Yes,Forward,Add
4,9,170,20,Yes,No,No,Backward,Subtract
1,10,177,56,No,Yes,Yes,Forward,Add
12,11,245,11,No,Yes,No,Forward,Add
10,5,178,55,Yes,Yes,No,Forward,Add
6,1,204,43,Yes,No,No,Forward,Multiply
9,2,169,30,No,Yes,Yes,Forward,Add
9,5,63,1,Yes,Yes,No,Forward,Add
7,12,165,33,No,Yes,Yes,Forward,Add
1,2,116,21,No,Yes,Yes,Forward,Add
7,11,201,27,No,Yes,No,Forward,Add
12,8,29,53,No,No,Yes,Forward,Divide
12,6,74,9,No,No,No,Forward,Add
1,7,115,65,No,No,Yes,Forward,Add
5,5,164,39,No,No,Yes,Forward,Add
1,5,78,67,Yes,Yes,Yes,Forward,Add
10,9,155,50,No,No,No,Forward,Add
8,6,109,35,Yes,No,No,Forward,Multiply
5,4,210,52,No,No,No,Forward,Add
3,5,162,19,No,No,Yes,Forward,Multiply
2,9,114,51,No,Yes,Yes,Forward,Add
6,8,37,1,Yes,Yes,Yes,Forward,Add
4,12,14,66,No,Yes,No,Forward,Add
9,10,36,12,No,Yes,Yes,Forward,Add
9,9,228,21,Yes,No,No,Forward,Multiply
9,1,27,8,Yes,Yes,Yes,Forward,Add
3,8,221,21,Yes,No,No,Forward,Multiply
6,12,190,6,Yes,No,Yes,Forward,Multiply
9,11,153,31,No,Yes,No,Forward,Add
2,1,124,54,Yes,Yes,No,Forward,Add
3,5,206,37,No,No,No,Forward,Multiply
5,3,153,57,No,Yes,Yes,Forward,Add
2,3,168,29,No,Yes,Yes,Forward,Add
9,5,63,56,Yes,Yes,No,Forward,Add
10,5,180,63,Yes,Yes,No,Forward,Add
1,8,132,25,No,Yes,No,Forward,Add
4,8,126,53,Yes,No,No,Forward,Divide
11,6,83,54,No,Yes,Yes,Forward,Add
6,3,121,6,Yes,Yes,Yes,Forward,Add
5,10,68,32,Yes,No,Yes,Forward,Add
8,2,249,62,No,No,Yes,Forward,Divide
2,9,97,63,No,Yes,Yes,Forward,Add
10,9,163,1,No,Yes,No,Forward,Add
3,4,235,55,Yes,Yes,Yes,Forward,Add
12,5,162,48,No,Yes,No,Forward,Add
2,5,29,36,No,No,Yes,Forward,Multiply
11,11,116,34,No,Yes,Yes,Forward,Add
12,11,139,61,Yes,No,Yes,Forward,Multiply
9,4,31,26,Yes,Yes,Yes,Forward,Add
1,4,91,61,Yes,No,No,Forward,Add
10,8,166,59,No,No,No,Forward,Add
11,12,97,51,Yes,Yes,No,Forward,Add
5,5,135,42,Yes,No,Yes,Forward,Divide
6,5,60,11,No,No,Yes,Backward,Subtract
7,3,72,64,Yes,No,Yes,Forward,Multiply
